file	title	artist	license	source_url
hero-beach.jpg	Navagio Beach. View of the Shipwreck Beach.jpg	Andrzej Rękas	CC BY-SA 4.0	https://commons.wikimedia.org/wiki/File:Navagio_Beach._View_of_the_Shipwreck_Beach.jpg
dest-paris.jpg	Eiffel Tower as seen from the Pont Mirabeau, 22 April 2014.jpg	DXR	CC BY-SA 2.0	https://commons.wikimedia.org/wiki/File:Eiffel Tower as seen from the Pont Mirabeau, 22 April 2014.jpg
dest-rome.jpg	Colosseo 2020.jpg	FeaturedPics	CC BY-SA 4.0	https://commons.wikimedia.org/wiki/File:Colosseo 2020.jpg
dest-barcelona.jpg	SF maig 2 cropped.jpg	Canaan	CC BY-SA 4.0	https://commons.wikimedia.org/wiki/File:SF maig 2 cropped.jpg
dest-tokyo.jpg	Chureito Pagoda and Mount Fuji 2023-03-07.jpg	Stjepko Krehula	CC BY 4.0	https://commons.wikimedia.org/wiki/File:Chureito Pagoda and Mount Fuji 2023-03-07.jpg
dest-newyork.jpg	View of Empire State Building from Rockefeller Center New York City dllu (cropped).jpg	Dllu	CC BY-SA 4.0	https://commons.wikimedia.org/wiki/File:View of Empire State Building from Rockefeller Center New York City dllu (cropped).jpg
dest-bangkok.jpg	Templo Wat Arun, Bangkok, Tailandia, 2013-08-22, DD 05.jpg	Diego Delso	CC BY-SA 3.0	https://commons.wikimedia.org/wiki/File:Templo Wat Arun, Bangkok, Tailandia, 2013-08-22, DD 05.jpg
seine-cruise.jpg	Paris 75006 Quai des Grands-Augustins 20161109 Bateaux Mouches at night.jpg	Willem van Valkenburg from Delft, Netherlands	CC BY 2.0	https://commons.wikimedia.org/wiki/File:Paris 75006 Quai des Grands-Augustins 20161109 Bateaux Mouches at night.jpg
dest-rome-forum.jpg	Roman Forum east end.jpg	Nhartmannphotos	CC BY-SA 4.0	https://commons.wikimedia.org/wiki/File:Roman Forum east end.jpg
dest-rome-trastevere.jpg	Ponte Sisto Rome.jpg	Jensens	Public domain	https://commons.wikimedia.org/wiki/File:Ponte Sisto Rome.jpg
food-market.jpg	Fruit Stall in Barcelona Market.jpg	By en:User:Daderot.	CC BY-SA 3.0	https://commons.wikimedia.org/wiki/File:Fruit Stall in Barcelona Market.jpg
